[
  {
    "id": "174afe11-5f06-4984-a063-13740bfa6a9d",
    "data": [
      {
        "text": "My grievance is as follows",
        "alias": "Complaint",
        "meta": "@sys.any",
        "userDefined": true
      }
    ],
    "isTemplate": false,
    "count": 0,
    "updated": 0
  },
  {
    "id": "782622aa-67cd-4fbe-aea1-539d41ffda52",
    "data": [
      {
        "text": "I\u0027m facing issues with internet banking",
        "alias": "Complaint",
        "meta": "@sys.any",
        "userDefined": true
      }
    ],
    "isTemplate": false,
    "count": 0,
    "updated": 0
  },
  {
    "id": "ecdbd1cf-d654-4480-a3c3-65c67c8c1604",
    "data": [
      {
        "text": "I have a complaint regarding the fact that I\u0027m unable to access the online portal",
        "alias": "Complaint",
        "meta": "@sys.any",
        "userDefined": true
      }
    ],
    "isTemplate": false,
    "count": 0,
    "updated": 0
  },
  {
    "id": "67f1976f-1391-4dc9-8df4-8ad333a5290d",
    "data": [
      {
        "text": "I\u0027m unable to login",
        "alias": "Complaint",
        "meta": "@sys.any",
        "userDefined": true
      },
      {
        "text": "....",
        "userDefined": false
      }
    ],
    "isTemplate": false,
    "count": 0,
    "updated": 0
  }
]