[
  {
    "id": "41354aa6-6b99-4aa8-933e-938277a738c0",
    "data": [
      {
        "text": "my registered mobile number is ",
        "userDefined": false
      },
      {
        "text": "7894561233",
        "alias": "PhoneNumber",
        "meta": "@sys.phone-number",
        "userDefined": false
      }
    ],
    "isTemplate": false,
    "count": 0,
    "updated": 0
  },
  {
    "id": "21318f49-0d03-4201-815d-1b0465b55d82",
    "data": [
      {
        "text": "my registered phone number is ",
        "userDefined": false
      },
      {
        "text": "7894561233",
        "alias": "PhoneNumber",
        "meta": "@sys.phone-number",
        "userDefined": false
      }
    ],
    "isTemplate": false,
    "count": 0,
    "updated": 0
  },
  {
    "id": "7bc6dfc9-1420-4a5d-9514-f630ebafd3d9",
    "data": [
      {
        "text": "my mobile number is ",
        "userDefined": false
      },
      {
        "text": "7894561233",
        "alias": "PhoneNumber",
        "meta": "@sys.phone-number",
        "userDefined": false
      }
    ],
    "isTemplate": false,
    "count": 0,
    "updated": 0
  },
  {
    "id": "96705d96-5405-4801-b285-ba07feb45222",
    "data": [
      {
        "text": "my phone number is ",
        "userDefined": false
      },
      {
        "text": "7894561233",
        "alias": "PhoneNumber",
        "meta": "@sys.phone-number",
        "userDefined": false
      }
    ],
    "isTemplate": false,
    "count": 0,
    "updated": 0
  },
  {
    "id": "f08a8977-ded0-47b2-9415-d631181241f6",
    "data": [
      {
        "text": "7894561233",
        "alias": "PhoneNumber",
        "meta": "@sys.phone-number",
        "userDefined": false
      }
    ],
    "isTemplate": false,
    "count": 0,
    "updated": 0
  }
]