[
  {
    "id": "b97ab147-f3f5-439b-b914-c38cd7719b39",
    "data": [
      {
        "text": "coffee",
        "alias": "any",
        "meta": "@sys.any",
        "userDefined": true
      }
    ],
    "isTemplate": false,
    "count": 1,
    "updated": 0
  },
  {
    "id": "d493c650-7aff-4578-802e-f90667006ca2",
    "data": [
      {
        "text": "Banana",
        "alias": "any",
        "meta": "@sys.any",
        "userDefined": true
      }
    ],
    "isTemplate": false,
    "count": 0,
    "updated": 0
  }
]